INSTRUMENT_TYPE;TRADE_CODE;EMITENT_FULL_NAME;NOMINAL;CURRENCY;ISSUE_AMOUNT;DISCLOSURE_PART_PAGE;DISCLOSURE_RF_INFO_PAGE
Акция обыкновенная;CBOM;"""МОСКОВСКИЙ КРЕДИТНЫЙ БАНК"" (публичное акционерное общество)";1;Рубль;23879709866;http://www.mkb.ru;http://www.e-disclosure.ru/portal/company.aspx?id=202
Акция обыкновенная;ALRS;"Акционерная компания ""АЛРОСА"" (публичное акционерное общество)";0,5;Рубль;7364965630;http://www.alrosa.ru/инвесторам-и-акционерам/;http://www.e-disclosure.ru/portal/company.aspx?id=199
Акция обыкновенная;VTBR;Банк ВТБ (публичное акционерное общество);0,01;Рубль;1,29605E+13;www.vtb.ru;http://www.e-disclosure.ru /portal/company.aspx?id=1210
Акция обыкновенная;IRGZ;Иркутское публичное акционерное общество энергетики и электрификации;1;Рубль;4766807700;http://www.irkutskenergo.ru/qa/reports.html;http://www.e-disclosure.ru/portal/company.aspx?id=3899
Акции иностранного эмитента;YNDX;"Компания с ограниченной ответственностью ""Яндекс Н.В.""";0,01;Евро;284458784;"https://yandex.ru/company/prospectus/; http://ir.yandex.com/sec.cfm";http://www.e-disclosure.ru/portal/company.aspx?id=34514
Акция обыкновенная;MAGN;"Открытое акционерное общество ""Магнитогорский металлургический комбинат""";1;Рубль;11174330000;http://www.mmk.ru;http://www.e-disclosure.ru/portal/company.aspx?id=9
Акция обыкновенная;MRKU;"Открытое акционерное общество ""Межрегиональная распределительная сетевая компания Урала""";0,1;Рубль;87430485711;https://www.mrsk-ural.ru;http://www.e-disclosure.ru/portal/company.aspx?id=12105
Акция обыкновенная;NVTK;"Открытое акционерное общество ""НОВАТЭК""";0,1;Рубль;3036306000;http://www.novatek.ru/ru/investors/disclosure/facts/;http://www.e-disclosure.ru/portal/company.aspx?id=225
Акция обыкновенная;BSPB;"ПУБЛИЧНОЕ АКЦИОНЕРНОЕ ОБЩЕСТВО ""БАНК ""САНКТ-ПЕТЕРБУРГ""";1;Рубль;439554000;https://www.bspb.ru;http://www.e-disclosure.ru/portal/company.aspx?id=3935
Акции иностранного эмитента;POLY;Полиметалл Интернэшнл плс (Polymetal International plc);;;427141648;http://www.polymetalinternational.com/investors-and-media.aspx?sc_lang=ru-RU;http://www.e-disclosure.ru/portal/company.aspx?id=33331
Акция обыкновенная;NKNC;"Публичное Акционерное Общество ""Нижнекамскнефтехим""";1;Рубль;1611256000;www.nknh.ru;www.e-disclosure.ru/portal/company.aspx?id=197
Акция привилегированная;NKNCP;"Публичное Акционерное Общество ""Нижнекамскнефтехим""";1;Рубль;218983750;www.nknh.ru;www.e-disclosure.ru/portal/company.aspx?id=197
Акция обыкновенная;AKRN;"Публичное акционерное общество ""Акрон""";5;Рубль;40534000;http://www.acron.ru;http://www.e-disclosure.ru/portal/company.aspx?id=357
Акция обыкновенная;BANE;"Публичное акционерное общество ""Акционерная нефтяная Компания ""Башнефть""";1;Рубль;147846489;http://www.bashneft.ru/;http://www.e-disclosure.ru/portal/company.aspx?id=1976
Акция привилегированная;BANEP;"Публичное акционерное общество ""Акционерная нефтяная Компания ""Башнефть""";1;Рубль;29788012;http://www.bashneft.ru/;http://www.e-disclosure.ru/portal/company.aspx?id=1976
Акция обыкновенная;AFKS;"Публичное акционерное общество ""Акционерная финансовая корпорация ""Система""";0,09;Рубль;9650000000;http://www.sistema.ru/;http://www.e-disclosure.ru/portal/company.aspx?id=4772
Акция обыкновенная;AFLT;"Публичное акционерное общество ""Аэрофлот – российские авиалинии""";1;Рубль;1110616299;http://ir.aeroflot.ru/ru/glavnaja/;http://disclosure.skrin.ru/disclosure/7712040126
Акция обыкновенная;GAZP;"Публичное акционерное общество ""Газпром""";5;Рубль;23673512900;http://gazprom.ru/investors/;http://www.e-disclosure.ru/portal/company.aspx?id=934
Акция обыкновенная;GMKN;"Публичное акционерное общество ""Горно-металлургическая компания ""Норильский никель""";1;Рубль;158245476;http://www.nornik.ru/investoram/raskryitie-informaczii/raskryitie-informaczii-na-stranicze-ooo-interfaks-czrki;http://www.e-disclosure.ru/portal/company.aspx?id=564
Акция обыкновенная;PIKK;"Публичное акционерное общество ""Группа Компаний ПИК""";62,5;Рубль;660497344;http://pik-group.ru/corporate-governance/raskryitie-informatsii;http://www.e-disclosure.ru/portal/company.aspx?id=44
Акция обыкновенная;LSRG;"Публичное акционерное общество ""Группа ЛСР""";0,25;Рубль;103030215;www.lsrgroup.ru;http://www.e-disclosure.ru/portal/company.aspx?id=4834
Акция обыкновенная;GCHE;"Публичное акционерное общество ""Группа Черкизово""";0,01;Рубль;43963773;http://www.cherkizovo.com;https://www.e-disclosure.ru/portal/company.aspx?id=6652
Акция обыкновенная;DIXY;"Публичное акционерное общество ""ДИКСИ Групп""";0,01;Рубль;124750000;http://www.e-disclosure.ru/portal/company.aspx?id=9679;http://www.dixygroup.ru/investors.aspx?sc_lang=ru-RU
Акция обыкновенная;EPLN;"Публичное акционерное общество ""Европлан""";0,67;Рубль;22977000;http://www.europlan.ru;http://www.e-disclosure.ru/portal/company.aspx?id=11328
Акция обыкновенная;IRAO;"Публичное акционерное общество ""Интер РАО ЕЭС""";2,809767;Рубль;1,044E+11;http://www.interrao.ru/investors/disclosure/;http://www.e-disclosure.ru/portal/company.aspx?id=12213
Акция обыкновенная;KMAZ;"Публичное акционерное общество ""КАМАЗ""";50;Рубль;707229559;http://www.kamaz.ru/investors-and-shareholders;http://www.e-disclosure.ru/portal/company.aspx?id=33
Акция обыкновенная;TGKD;"Публичное акционерное общество ""Квадра - Генерирующая компания""";0,01;Рубль;1,91251E+12;www.quadra.ru;http://www.e-disclosure.ru/portal/company.aspx?id=6196
Акция обыкновенная;MVID;"Публичное акционерное общество ""М.видео""";10;Рубль;179768227;http://invest.mvideo.ru;http://www.e-disclosure.ru/portal/company.aspx?id=11014
Акция обыкновенная;MSTT;"Публичное акционерное общество ""МОСТОТРЕСТ""";0,14;Рубль;282215500;http://ir.mostotrest.ru/ru.html;http://e-disclosure.ru/portal/company.aspx?id=1220
Акция обыкновенная;MGNT;"Публичное акционерное общество ""Магнит""";0,01;Рубль;94561355;http://ir.magnit.com;http://www.e-disclosure.ru/portal/company.aspx?id=7671
Акция обыкновенная;MFON;"Публичное акционерное общество ""МегаФон""";0,1;Рубль;620000000;http://corp.megafon.ru/investoram/;http://www.e-disclosure.ru/portal/company.aspx?id=219
Акция обыкновенная;MRKV;"Публичное акционерное общество ""Межрегиональная распределительная сетевая компания Волги""";0,1;Рубль;1,81095E+11;http://www.mrsk-volgi.ru/ru/aktsioneram_i_investoram/raskritie_informatsii_obcshestvom_i_otchetnaya_informatsiya/;http://www.e-disclosure.ru/portal/company.aspx?id=12131
Акция обыкновенная;MRKZ;"Публичное акционерное общество ""Межрегиональная распределительная сетевая компания Северо-Запада""";0,1;Рубль;95785923138;www.mrsksevzap.ru;www.disclosure.ru/issuer/7802312751/
Акция обыкновенная;MRKP;"Публичное акционерное общество ""Межрегиональная распределительная сетевая компания Центра и Приволжья""";0,1;Рубль;1,12698E+11;http://www.mrsk-cp.ru/disclosure/;http://www.e-disclosure.ru/portal/company.aspx?id=12093
Акция обыкновенная;MRKC;"Публичное акционерное общество ""Межрегиональная распределительная сетевая компания Центра""";0,1;Рубль;42217941468;http://www.mrsk-1.ru;http://www.e-disclosure.ru/portal/company.aspx?id=7985
Акция обыкновенная;MTLR;"Публичное акционерное общество ""Мечел""";10;Рубль;416270745;http://www.mechel.ru/shareholders/disclosure/mechel/;http://www.e-disclosure.ru/portal/company.aspx?id=1942
Акция привилегированная;MTLRP;"Публичное акционерное общество ""Мечел""";10;Рубль;138756915;http://www.mechel.ru/shareholders/disclosure/mechel/;http://www.e-disclosure.ru/portal/company.aspx?id=1942
Акция обыкновенная;MTSS;"Публичное акционерное общество ""Мобильные ТелеСистемы""";0,1;Рубль;1998381575;http://www.company.mts.ru/comp/ir/control/data/;http://www.disclosure.ru/issuer/7740000076/
Акция обыкновенная;MOEX;"Публичное акционерное общество ""Московская Биржа ММВБ-РТС""";1;Рубль;2278636493;http://moex.com/s201;http://www.e-disclosure.ru/portal/company.aspx?id=43
Акция обыкновенная;MSRS;"Публичное акционерное общество ""Московская объединенная электросетевая компания""";0,5;Рубль;48707091574;http://www.moesk.ru/invest_news/raskritie/;http://www.e-disclosure.ru/portal/company.aspx?id=5563
Акция обыкновенная;UWGN;"Публичное акционерное общество ""Научно-производственная корпорация ""Объединенная Вагонная Компания""";1;Рубль;113423948;http://www.uniwagon.com;https://www.e-disclosure.ru/portal/company.aspx?id=35102
Акция обыкновенная;LKOH;"Публичное акционерное общество ""Нефтяная компания ""ЛУКОЙЛ""";0,025;Рубль;850563255;http://www.lukoil.ru;http://www.e-disclosure.ru/portal/company.aspx?id=17
Акция обыкновенная;NLMK;"Публичное акционерное общество ""Новолипецкий металлургический комбинат""";1;Рубль;5993227240;http://lipetsk.nlmk.ru;http://www.e-disclosure.ru/portal/company.aspx?id=2509
Акция обыкновенная;NKHP;"Публичное акционерное общество ""Новороссийский комбинат хлебопродуктов""";1;Рубль;67597000;http://novoroskhp.ru;https://www.e-disclosure.ru/portal/company.aspx?id=10198
Акция обыкновенная;PLZL;"Публичное акционерное общество ""Полюс""";1;Рубль;190627747;http://www.polyus.com;www.e-disclosure.ru/portal/company.aspx?id=7832
Акция обыкновенная;PSBR;"Публичное акционерное общество ""Промсвязьбанк""";0,01;Рубль;1,11339E+12;http://www.psbank.ru/Bank/About/Emitters;http://www.e-disclosure.ru/portal/company.aspx?id=617
Акция привилегированная;RSTIP;"Публичное акционерное общество ""Российские сети""";1;Рубль;2075149384;http://www.rosseti.ru/investors/info/;http://www.e-disclosure.ru/portal/company.aspx?id=13806
Акция обыкновенная;SVAV;"Публичное акционерное общество ""СОЛЛЕРС""";12,5;Рубль;34270159;http://www.sollers-auto.com;http://www.e-disclosure.ru/portal/company.aspx?id=1324
Акция обыкновенная;SBER;"Публичное акционерное общество ""Сбербанк России""";3;Рубль;21586948000;http://www.sberbank.com;http://www.e-disclosure.ru/portal/company.aspx?id=3043
Акция привилегированная;SBERP;"Публичное акционерное общество ""Сбербанк России""";3;Рубль;1000000000;http://www.sberbank.com;http://www.e-disclosure.ru/portal/company.aspx?id=3043
Российская депозитарная расписка;RUALR;"Публичное акционерное общество ""Сбербанк России""";;;2000000000;http://www.sberbank.com;http://www.e-disclosure.ru/portal/company.aspx?id=3043
Акция обыкновенная;CHMF;"Публичное акционерное общество ""Северсталь""";0,01;Рубль;837718660;http://www.severstal.com/rus/ir/disclosers/;http://www.e-disclosure.ru/portal/company.aspx?id=30
Акция обыкновенная;SELG;"Публичное акционерное общество ""Селигдар""";1;Рубль;737354730;http://www.seligdar.ru/;https://www.e-disclosure.ru/portal/company.aspx?id=12557
Акция привилегированная;SELGP;"Публичное акционерное общество ""Селигдар""";1;Рубль;150000000;http://www.seligdar.ru/;https://www.e-disclosure.ru/portal/company.aspx?id=12557
Акция обыкновенная;SYNG;"Публичное акционерное общество ""Синергия""";100;Рубль;24954049;http://www.sygroup.ru/investor_center/;http://www.e-disclosure.ru/portal/company.aspx?id=7380
Акция обыкновенная;TATN;"Публичное акционерное общество ""Татнефть"" имени В.Д. Шашина";1;Рубль;2178690700;http://www.tatneft.ru;http://disclosure.skrin.ru/disclosure/1644003838
Акция привилегированная;TATNP;"Публичное акционерное общество ""Татнефть"" имени В.Д. Шашина";1;Рубль;147508500;http://www.tatneft.ru;http://disclosure.skrin.ru/disclosure/1644003838
Акция обыкновенная;TGKA;"Публичное акционерное общество ""Территориальная генерирующая компания №1""";0,01;Рубль;3,85434E+12;http://www.tgc1.ru/ir/disclosure/substantial/;http://www.e-disclosure.ru/portal/company.aspx?id=7263
Акция привилегированная;TRNFP;"Публичное акционерное общество ""Транснефть""";1;Рубль;1554875;http://www.transneft.ru/;http://www.e-disclosure.ru/portal/company.aspx?id=636
Акция обыкновенная;TRMK;"Публичное акционерное общество ""Трубная Металлургическая Компания""";10;Рубль;1035907260;https://www.tmk-group.ru/;http://www.e-disclosure.ru/portal/company.aspx?id=274
Акция обыкновенная;URKA;"Публичное акционерное общество ""Уралкалий""";0,5;Рубль;2936015891;http://www.uralkali.com/ru;http://www.e-disclosure.ru/portal/company.aspx?id=1233
Акция обыкновенная;HYDR;"Публичное акционерное общество ""Федеральная гидрогенерирующая компания - РусГидро""";1;Рубль;3,86255E+11;http://www.rushydro.ru;http://www.e-disclosure.ru/portal/company.aspx?id=8580
Акция обыкновенная;FEES;"Публичное акционерное общество ""Федеральная сетевая компания Единой энергетической системы""";0,5;Рубль;1,27467E+12;http://www.fsk-ees.ru/shareholders_and_investors/disclosure_of_information/;http://www.e-disclosure.ru/portal/company.aspx?id=379
Акция обыкновенная;PHOR;"Публичное акционерное общество ""ФосАгро""";2,5;Рубль;129500000;http://www.phosagro.ru/ori/item4157.php;http://www.e-disclosure.ru/portal/company.aspx?id=573
Акция обыкновенная;WTCM;"Публичное акционерное общество ""Центр международной торговли""";1;Рубль;1083000000;http://wtcmoscow.ru/about/sharers/;http://www.e-disclosure.ru/portal/company.aspx?id=9304
Акция обыкновенная;TRCN;"Публичное акционерное общество ""Центр по перевозке грузов в контейнерах ""ТрансКонтейнер""";1000;Рубль;13894778;http://www.trcont.ru/ru/investoram/;http://www.e-disclosure.ru/portal/company.aspx?id=11194
Акция обыкновенная;ENRU;"Публичное акционерное общество ""Энел Россия""";1;Рубль;35371898370;http://www.enelrussia.ru;http://www.e-disclosure.ru/portal/company.aspx?id=5732
Акция обыкновенная;UPRO;"Публичное акционерное общество ""Юнипро""";0,4;Рубль;63048706145;http://www.unipro.energy/;http://www.e-disclosure.ru/portal/company.aspx?id=7878
Акция обыкновенная;VZRZ;"Публичное акционерное общество Банк ""Возрождение""";10;Рубль;23748694;http://www.vbank.ru/;http://www.e-disclosure.ru//portal/company.aspx?id=120
Акция обыкновенная;OFCB;"Публичное акционерное общество Банк ""Финансовая Корпорация Открытие""";50;Рубль;157158049;http://www.otkritiefc.ru/about/openinfo/;www.e-disclosure.ru/portal/company.aspx?id=235
Акция обыкновенная;RGSS;"Публичное акционерное общество Страховая Компания ""Росгосстрах""";0,04;Рубль;4,64504E+11;http://www.oao-rgs.ru/about/investors/oao/index.wbp;http://www.e-disclosure.ru/portal/company.aspx?id=214
Акция обыкновенная;RTKM;"Публичное акционерное общество междугородной и международной электрической связи ""Ростелеком""";0,0025;Рубль;2574914954;http://www.rostelecom.ru;http://www.e-disclosure.ru/portal/company.aspx?id=141
Акция привилегированная;RTKMP;"Публичное акционерное общество междугородной и международной электрической связи ""Ростелеком""";0,0025;Рубль;209565147;http://www.rostelecom.ru;http://www.e-disclosure.ru/portal/company.aspx?id=141
Акция обыкновенная;MSNG;"Публичное акционерное общество энергетики и электрификации ""Мосэнерго""";1;Рубль;39749359700;www.mosenergo.ru;http://www.e-disclosure.ru/portal/company.aspx?id=936
Акции иностранного эмитента;RUAL;Юнайтед Компани РУСАЛ Плс (United Company RUSAL Plc);0,01;Доллар США;15193014862;http://rusal.ru/investors/info/moex/;http://e-disclosure.ru/portal/company.aspx?id=35101
Акция обыкновенная;ROSN;"публичное акционерное общество ""Нефтяная компания ""Роснефть""";0,01;Рубль;10598177817;https://www.rosneft.ru/;http://www.e-disclosure.ru/portal/company.aspx?id=6505
Акция обыкновенная;AVAZ;"Открытое акционерное общество ""АВТОВАЗ""";5;Рубль;1822463131;www.lada.ru;http://skrin.ru/issuers/avaz
Акция привилегированная;AVAZP;"Открытое акционерное общество ""АВТОВАЗ""";5;Рубль;461764300;www.lada.ru;http://skrin.ru/issuers/avaz
Акция обыкновенная;GAZT;"Открытое акционерное общество ""ГАЗ-Тек""";100;Рубль;471428300;http://www.gaz-tek.ru;http://www.e-disclosure.ru/portal/company.aspx?id=29479
Акция обыкновенная;GAZS;"Открытое акционерное общество ""ГАЗ-сервис""";10;Рубль;185125000;http://www.gaz-services.ru;http://www.e-disclosure.ru/portal/company.aspx?id=12078
Акция обыкновенная;GAZC;"Открытое акционерное общество ""ГАЗКОН""";10;Рубль;185125000;http://gazcon.ru;http://www.e-disclosure.ru/portal/company.aspx?id=11633
Акция обыкновенная;SNGS;"Открытое акционерное общество ""Сургутнефтегаз""";1;Рубль;35725994705;http://www.surgutneftegas.ru/ru/tos/;http://www.e-disclosure.ru/portal/company.aspx?id=312
Акция привилегированная;SNGSP;"Открытое акционерное общество ""Сургутнефтегаз""";1;Рубль;7701998235;http://www.surgutneftegas.ru/ru/tos/;http://www.e-disclosure.ru/portal/company.aspx?id=312
Акция обыкновенная;TGKB;"Открытое акционерное общество ""Территориальная генерирующая компания №2""";0,01;Рубль;1,4584E+12;http://www.tgc-2.ru/investors/disclosure/;http://www.e-disclosure.ru/portal/company.aspx?id=7968
Акция обыкновенная;KBTK;"Публичное  акционерное общество ""Кузбасская Топливная Компания""";0,2;Рубль;99258355;http://www.oaoktk.ru;http://www.e-disclosure.ru/portal/company.aspx?id=5964
Акция обыкновенная;AQUA;"Публичное  акционерное общество ""Русская Аквакультура""";100;Рубль;79537651;https://russaquaculture.ru/index.php?id=16&L=2%27;http://www.e-disclosure.ru/portal/company.aspx?id=17531
Акция обыкновенная;APTK;"Публичное акционерное общество ""Аптечная сеть 36,6""";0,64;Рубль;976450868;http://pharmacychain366.ru/corporate/disclosure/;http://www.e-disclosure.ru/portal/company.aspx?id=1216
Акция обыкновенная;AMEZ;"Публичное акционерное общество ""Ашинский металлургический завод""";1;Рубль;498454822;http://www.amet.ru;http://www.e-disclosure.ru/portal/company.aspx?id=1334
Акция обыкновенная;OGKB;"Публичное акционерное общество ""Вторая генерирующая компания оптового рынка электроэнергии""";0,3627;Рубль;1,10441E+11;http://www.ogk2.ru/;http://www.e-disclosure.ru/portal/company.aspx?id=7234
Акция обыкновенная;HALS;"Публичное акционерное общество ""Галс-Девелопмент""";50;Рубль;11217094;http://hals-development.ru/invest;http://www.e-disclosure.ru/portal/company.aspx?id=8939
Акция обыкновенная;DVEC;"Публичное акционерное общество ""Дальневосточная энергетическая компания""";1;Рубль;17223107804;http://www.dvec.ru/company/disclosure/;http://www.e-disclosure.ru/portal/company.aspx?id=11385
Акция обыкновенная;FESH;"Публичное акционерное общество ""Дальневосточное морское пароходство""";1;Рубль;2951250000;http://www.fesco.ru/;http://www.e-disclosure.ru/portal/company.aspx?id=83
Акция обыкновенная;DSKY;"Публичное акционерное общество ""Детский мир""";0,0004;Рубль;739000000;http://corp.detmir.ru/shareholders-and-investors/disclosure-information/material-facts/;http://www.e-disclosure.ru/portal/company.aspx?id=6788
Акция обыкновенная;RUSI;"Публичное акционерное общество ""ИНВЕСТИЦИОННАЯ КОМПАНИЯ ИК РУСС-ИНВЕСТ""";1;Рубль;109000000;http://www.russ-invest.com;http://www.e-disclosure.ru/portal/company.aspx?id=579
Акция обыкновенная;VSMO;"Публичное акционерное общество ""Корпорация ВСМПО-АВИСМА""";1;Рубль;11529538;http://www.vsmpo.ru;http://www.e-disclosure.ru/portal/company.aspx?id=1641
Акция обыкновенная;KGKC;"Публичное акционерное общество ""Курганская генерирующая компания""";7,2;Рубль;122453406;http://www.kgk-kurgan.ru/Aktsioneram_i_investoram/Raskryivaet_informatsii_na_stranitse_na_sayte_Interfaks_TSRKI/;http://www.e-disclosure.ru/portal/company.aspx?id=17935
Акция обыкновенная;MRKS;"Публичное акционерное общество ""Межрегиональная распределительная сетевая компания Сибири""";0,1;Рубль;94815163249;http://www.mrsk-sib.ru/index.php?lang=ru40;http://www.e-disclosure.ru/portal/company.aspx?id=12072
Акция обыкновенная;MRKY;"Публичное акционерное общество ""Межрегиональная распределительная сетевая компания Юга""";0,1;Рубль;49811096064;www.mrsk-yuga.ru;http://www.e-disclosure.ru/portal/company.aspx?id=11999
Акция обыкновенная;NMTP;"Публичное акционерное общество ""Новороссийский морской торговый порт""";0,01;Рубль;19259815400;http://nmtp.info/ncsp/;http://www.e-disclosure.ru/portal/company.aspx?id=3900
Акция обыкновенная;UNAC;"Публичное акционерное общество ""Объединенная авиастроительная корпорация""";0,86;Рубль;3,61501E+11;http://www.uacrussia.ru/ru/investors/open-information/;http://www.e-disclosure.ru/portal/company.aspx?id=11433
Акция обыкновенная;UCSS;"Публичное акционерное общество ""Объединенные Кредитные Системы""";1000;Рубль;23718856;http://www.ucsys.ru/;http://www.disclosure.ru/issuer/7708776756/
Акция обыкновенная;OTCP;"Публичное акционерное общество ""Отисифарм""";0,1;Рубль;145422732;http://www.otcpharm.ru;http://www.e-disclosure.ru/portal/company.aspx?id=34083
Акция обыкновенная;OPIN;"Публичное акционерное общество ""Открытые инвестиции""";1000;Рубль;15220793;http://www.opin.ru/investors/;http://www.e-disclosure.ru/portal/company.aspx?id=1664
Акция обыкновенная;VRAO;"Публичное акционерное общество ""РАО Энергетические системы Востока""";0,5;Рубль;43358822914;http://www.rao-esv.ru/shareholders-and-investors/disclosure/;http://www.e-disclosure.ru/portal/company.aspx?id=13497
Акция обыкновенная;RBCM;"Публичное акционерное общество ""РБК""";0,00064;Рубль;365631010;http://rbcholding.ru/filings.shtml;http://www.e-disclosure.ru/portal/company.aspx?id=24832
Акция обыкновенная;RASP;"Публичное акционерное общество ""Распадская""";0,004;Рубль;703191442;http://www.raspadskaya.ru;http://www.e-disclosure.ru/portal/company.aspx?id=942
Акция обыкновенная;RSTI;"Публичное акционерное общество ""Российские сети""";1;Рубль;1,95996E+11;http://www.rosseti.ru/investors/info/;http://www.e-disclosure.ru/portal/company.aspx?id=13806
Акция обыкновенная;TGKN;"Публичное акционерное общество ""Территориальная генерирующая компания № 14""";0,001;Рубль;1,35795E+12;http://www.tgk-14.com;http://disclosure.1prime.ru/Portal/Default.aspx?emId=7534018889
Акция обыкновенная;PHST;"Публичное акционерное общество ""Фармстандарт""";1;Рубль;37792603;http://pharmstd.ru;http://www.e-disclosure.ru/portal/company.aspx?id=9187
Акция обыкновенная;FTRE;"Публичное акционерное общество ""Финансовая группа БУДУЩЕЕ""";1000;Рубль;49174725;http://www.futurefg.ru/;http://www.e-disclosure.ru/portal/company.aspx?id=34945
Акция привилегированная;WTCMP;"Публичное акционерное общество ""Центр международной торговли""";1;Рубль;162000000;http://wtcmoscow.ru/about/sharers/;http://www.e-disclosure.ru/portal/company.aspx?id=9304
Акция обыкновенная;CHZN;"Публичное акционерное общество ""Челябинский   цинковый завод""";1;Рубль;54195410;http://www.zinc.ru/for-investors/information-disclosure/;http://www.e-disclosure.ru/portal/company.aspx?id=258
Акция обыкновенная;TNSE;"Публичное акционерное общество Группа компаний ""ТНС энерго""";1;Рубль;13668239;https://corp.tns-e.ru/investors/;http://www.e-disclosure.ru/portal/company.aspx?id=33277
Акция обыкновенная;LSNG;"Публичное акционерное общество энергетики и электрификации ""Ленэнерго""";1;Рубль;1658814839;http://lenenergo.ru;http://www.e-disclosure.ru/portal/company.aspx?id=65
Акция привилегированная;LSNGP;"Публичное акционерное общество энергетики и электрификации ""Ленэнерго""";1;Рубль;93264311;http://lenenergo.ru;http://www.e-disclosure.ru/portal/company.aspx?id=65
Акция обыкновенная;RDRB;"""Российский акционерный коммерческий дорожный банк"" (публичное акционерное общество)";124;Рубль;10353948;;http://www.e-disclosure.ru/portal/company.aspx?id=1398
Акция обыкновенная;AVAN;"Акционерный Коммерческий банк ""АВАНГАРД"" - публичное акционерное общество";10;Рубль;80700000;;http://www.e-disclosure.ru/portal/company.aspx?id=1070
Акция обыкновенная;KZOS;"Казанское публичное акционерное общество ""Органический синтез""";1;Рубль;1785114000;;http://disclosure.skrin.ru/disclosure/1658008723
Акция привилегированная;KZOSP;"Казанское публичное акционерное общество ""Органический синтез""";1;Рубль;119596000;;http://disclosure.skrin.ru/disclosure/1658008723
Акция обыкновенная;LNZL;"Ленское золотодобывающее публичное акционерное общество ""Лензолото""";1;Рубль;1140300;;http://www.e-disclosure.ru/portal/company.aspx?id=1991
Акция привилегированная;LNZLP;"Ленское золотодобывающее публичное акционерное общество ""Лензолото""";1;Рубль;347700;;http://www.e-disclosure.ru/portal/company.aspx?id=1991
Акция обыкновенная;KUNF;"Открытое  акционерное общество ""Каменск-Уральский завод по обработке цветных металлов""";1;Рубль;50326222;;http://www.e-disclosure.ru/portal/company.aspx?id=4662
Акция обыкновенная;URKZ;"Открытое Акционерное Общество ""Уральская кузница""";1;Рубль;547761;;http://www.e-disclosure.ru/portal/company.aspx?id=5234
Акция обыкновенная;MSST;"Открытое акционерное общество  ""Мультисистема""";0,001;Рубль;100000000;;http://www.e-disclosure.ru/portal/company.aspx?id=31563
Акция обыкновенная;SKYC;"Открытое акционерное общество  ""СкайКомпьютинг""";0,001;Рубль;100000000;;http://www.e-disclosure.ru/portal/company.aspx?id=30914
Акция обыкновенная;GTLC;"Открытое акционерное общество ""GTL""";0,2;Рубль;2596000000;;http://www.e-disclosure.ru/portal/company.aspx?id=31201
Акция обыкновенная;TAER;"Открытое акционерное общество ""Авиационная компания ""ТРАНСАЭРО""";0,01;Рубль;153846100;;http://www.e-disclosure.ru/portal/company.aspx?id=12696
Акция обыкновенная;BLNG;"Открытое акционерное общество ""Белон""";0,01;Рубль;1150000000;http://www.belon.ru/invest-akts/raskrytie-informatsii-na-interfaks/;www.e-disclosure.ru/portal/company.aspx?id=332
Акция обыкновенная;GTPR;"Открытое акционерное общество ""ГлавТоргПродукт""";10;Рубль;43000000;;http://disclosure.1prime.ru/portal/default.aspx?emId=7813511396
Акция обыкновенная;DZRD;"Открытое акционерное общество ""Донской завод радиодеталей""";1;Рубль;343407;;http://www.e-disclosure.ru/portal/company.aspx?id=5496
Акция привилегированная;DZRDP;"Открытое акционерное общество ""Донской завод радиодеталей""";1;Рубль;114469;;http://www.e-disclosure.ru/portal/company.aspx?id=5496
Акция обыкновенная;ZHIV;"Открытое акционерное общество ""Живой офис""";1;Рубль;12000000;http://zhivojoffice.com/disclosure;http://www.e-disclosure.ru/portal/company.aspx?id=31874
Акция обыкновенная;IGST;"Открытое акционерное общество ""Ижсталь""";1000;Рубль;800729;;http://www.e-disclosure.ru/portal/company.aspx?id=4089
Акция привилегированная;IGSTP;"Открытое акционерное общество ""Ижсталь""";1000;Рубль;266910;;http://www.e-disclosure.ru/portal/company.aspx?id=4089
Акция обыкновенная;KLSB;"Открытое акционерное общество ""Калужская сбытовая компания""";0,2;Рубль;91487347;;http://www.e-disclosure.ru/portal/company.aspx?id=5830
Акция обыкновенная;KSGR;"Открытое акционерное общество ""Кокс""";0,1;Рубль;330046400;;http://www.e-disclosure.ru/portal/company.aspx?id=7772
Акция обыкновенная;KZMS;"Открытое акционерное общество ""Краснокамский завод металлических сеток""";10;Рубль;884760;;http://disclosure.skrin.ru/disclosure/5916000015
Акция обыкновенная;KBSB;"Открытое акционерное общество ""Кубанская энергосбытовая компания""";0,56;Рубль;17869440;;http://www.e-disclosure.ru/portal/company.aspx?id=10624
Акция обыкновенная;KAZT;"Открытое акционерное общество ""Куйбышевазот""";1;Рубль;237043251;;http://www.e-disclosure.ru/portal/company.aspx?id=703
Акция привилегированная;KAZTP;"Открытое акционерное общество ""Куйбышевазот""";1;Рубль;3696506;;http://www.e-disclosure.ru/portal/company.aspx?id=703
Акция обыкновенная;LVHK;"Открытое акционерное общество ""Левенгук""";10;Рубль;52940000;;http://disclosure.1prime.ru/portal/default.aspx?emId=7839462305
Акция обыкновенная;LPSB;"Открытое акционерное общество ""Липецкая энергосбытовая компания""";0,22;Рубль;155521950;;http://www.e-disclosure.ru/portal/company.aspx?id=5082
Акция обыкновенная;KROT;"Открытое акционерное общество ""Московская кондитерская фабрика ""Красный Октябрь""";1;Рубль;8773564;;http://www.e-disclosure.ru/portal/company.aspx?id=468
Акция привилегированная;KROTP;"Открытое акционерное общество ""Московская кондитерская фабрика ""Красный Октябрь""";1;Рубль;1474549;;http://www.e-disclosure.ru/portal/company.aspx?id=468
Акция обыкновенная;NSVZ;"Открытое акционерное общество ""Наука-Связь""";1;Рубль;1201562;;http://www.e-disclosure.ru/portal/company.aspx?id=20639
Акция обыкновенная;NPOF;"Открытое акционерное общество ""Научно-производственное объединение ""Физика""";120;Рубль;90262;;http://www.disclosure.ru/issuer/7726019607/
Акция обыкновенная;OSMP;"Открытое акционерное общество ""Останкинский мясоперерабатывающий комбинат""";10;Рубль;101709123;;http://www.disclosure.ru/issuer/7715034360/
Акция обыкновенная;RNAV;"Открытое акционерное общество ""Русские Навигационные Технологии""";0,1;Рубль;19520000;;http://www.e-disclosure.ru/portal/company.aspx?id=26931
Акция обыкновенная;SELL;"Открытое акционерное общество ""Селестра""";1000;Рубль;100000;;http://www.disclosure.ru/issuer/3811126779
Акция обыкновенная;MFGS;"Открытое акционерное общество ""Славнефть-Мегионнефтегаз""";25;Рубль;99474705;;http://www.e-disclosure.ru/portal/company.aspx?id=568
Акция привилегированная;MFGSP;"Открытое акционерное общество ""Славнефть-Мегионнефтегаз""";25;Рубль;33056875;;http://www.e-disclosure.ru/portal/company.aspx?id=568
Акция обыкновенная;JNOS;"Открытое акционерное общество ""Славнефть-Ярославнефтеоргсинтез""";1;Рубль;932654723;;http://www.e-disclosure.ru/portal/company.aspx?id=947
Акция привилегированная;JNOSP;"Открытое акционерное общество ""Славнефть-Ярославнефтеоргсинтез""";1;Рубль;310884574;;http://www.e-disclosure.ru/portal/company.aspx?id=947
Акция обыкновенная;MGNZ;"Открытое акционерное общество ""Соликамский магниевый завод""";0,25;Рубль;398272;;http://www.e-disclosure.ru/portal/company.aspx?id=6100
Акция обыкновенная;TGKO;"Открытое акционерное общество ""Таганрогский комбайновый завод""";0,1;Рубль;2008931928;;http://www.e-disclosure.ru/portal/company.aspx?id=3090
Акция привилегированная;TGKBP;"Открытое акционерное общество ""Территориальная генерирующая компания №2""";0,01;Рубль;16500533681;http://www.tgc-2.ru/investors/disclosure/;http://www.e-disclosure.ru/portal/company.aspx?id=7968
Акция обыкновенная;TUZA;"Открытое акционерное общество ""Туймазинский завод автобетоновозов""";10;Рубль;8220000;;http://www.e-disclosure.ru/portal/company.aspx?id=1355
Акция привилегированная;FORTP;"Открытое акционерное общество ""Форт""";1;Рубль;1880000;;http://www.e-disclosure.ru/portal/company.aspx?id=13919
Акция обыкновенная;ELTZ;"Открытое акционерное общество ""Электроцинк""";1;Рубль;1404308;;http://www.e-disclosure.ru/portal/company.aspx?id=3521
Акция обыкновенная;ERCO;"Открытое акционерное общество ""Энергетическая Русская Компания""";1;Рубль;10350000;;http://www.e-disclosure.ru/portal/company.aspx?id=2888
Акция обыкновенная;YAKG;"Открытое акционерное общество ""Якутская топливно-энергетическая компания""";1;Рубль;826919375;;http://www.e-disclosure.ru/portal/company.aspx?id=4994
Акция обыкновенная;MGVM;"Открытое акционерное общество Медиа группа ""Война и Мир""";10;Рубль;48500000;;http://disclosure.1prime.ru/portal/default.aspx?emId=7813503571
Акция обыкновенная;NAUK;"Открытое акционерное общество Научно-производственное объединение ""Наука""";0,2;Рубль;11789500;;http://disclosure.1prime.ru/portal/default.aspx?emId=7714005350
Акция обыкновенная;KRKO;"Открытое акционерное общество Таганрогский котлостроительный завод ""Красный котельщик""";1;Рубль;213258000;;http://www.e-disclosure.ru/portal/company.aspx?id=222
Акция привилегированная;KRKOP;"Открытое акционерное общество Таганрогский котлостроительный завод ""Красный котельщик""";1;Рубль;71086000;;http://www.e-disclosure.ru/portal/company.aspx?id=222
Акция обыкновенная;ARSA;"ПУБЛИЧНОЕ АКЦИОНЕРНОЕ ОБЩЕСТВО ""УПРАВЛЯЮЩАЯ КОМПАНИЯ ""АРСАГЕРА""";1;Рубль;123817165;www.arsagera.ru;http://www.e-disclosure.ru/portal/company.aspx?id=7220
Акция обыкновенная;SIBG;"Публичное Акционерное Общество ""Сибирский гостинец""";0,01;Рубль;100000000;;http://www.e-disclosure.ru/portal/company.aspx?id=35120
Акция обыкновенная;ALNU;"Публичное акционерное общество ""АЛРОСА-Нюрба""";25;Рубль;800000;;http://www.e-disclosure.ru/portal/company.aspx?id=2195
Акция обыкновенная;ARMD;"Публичное акционерное общество ""АРМАДА""";1;Рубль;14399997;;http://www.e-disclosure.ru/portal/company.aspx?id=10114
Акция обыкновенная;ABRD;"Публичное акционерное общество ""Абрау – Дюрсо""";1;Рубль;73500000;;http://www.e-disclosure.ru/portal/company.aspx?id=26517
Акция обыкновенная;UTAR;"Публичное акционерное общество ""Авиакомпания ""ЮТэйр""";1;Рубль;3702208000;;http://www.e-disclosure.ru/portal/company.aspx?id=1171
Акция обыкновенная;ASSB;"Публичное акционерное общество ""Астраханская энергосбытовая компания""";0,007;Рубль;773900078;;http://www.e-disclosure.ru/portal/company.aspx?id=5966
Акция обыкновенная;USBN;"Публичное акционерное общество ""БАНК УРАЛСИБ""";0,1;Рубль;2,9824E+11;http://www.bankuralsib.ru/;http://www.e-disclosure.ru/portal/company.aspx?id=156
Акция обыкновенная;BISV;"Публичное акционерное общество ""Башинформсвязь""";1;Рубль;949023840;;http://www.e-disclosure.ru/portal/company.aspx?id=201
Акция привилегированная;BISVP;"Публичное акционерное общество ""Башинформсвязь""";1;Рубль;36165270;;http://www.e-disclosure.ru/portal/company.aspx?id=201
Акция обыкновенная;ALBK;"Публичное акционерное общество ""Бест Эффортс Банк""";10;Рубль;56490000;;http://www.e-disclosure.ru/portal/company.aspx?id=1929
Акция обыкновенная;BGDE;"Публичное акционерное общество ""Богородские деликатесы""";1;Рубль;1000000000;http://www.bogorodskie-delikatesi.ru/aktsioneram-i-investoram;http://www.e-disclosure.ru/portal/company.aspx?id=31279
Акция обыкновенная;BRZL;"Публичное акционерное общество ""Бурятзолото""";0,025;Рубль;6038680;;http://www.e-disclosure.ru/portal/company.aspx?id=1499
Акция обыкновенная;VTRS;"Публичное акционерное общество ""ВТОРРЕСУРСЫ""";10;Рубль;53000000;;http://disclosure.1prime.ru/portal/default.aspx?emId=7813510515
Акция обыкновенная;VJGZ;"Публичное акционерное общество ""Варьеганнефтегаз""";0,1;Рубль;18091110;;http://www.e-disclosure.ru/portal/company.aspx?id=3166
Акция привилегированная;VJGZP;"Публичное акционерное общество ""Варьеганнефтегаз""";0,1;Рубль;5883050;;http://www.e-disclosure.ru/portal/company.aspx?id=3166
Акция обыкновенная;VDSB;"Публичное акционерное общество ""Владимирская энергосбытовая компания""";2,55;Рубль;29165220;;http://www.e-disclosure.ru/portal/company.aspx?id=5520
Акция обыкновенная;VLHZ;"Публичное акционерное общество ""Владимирский химический завод""";20;Рубль;5005605;;http://www.disclosure.ru/issuer/3302000669/
Акция обыкновенная;VGSB;"Публичное акционерное общество ""Волгоградэнергосбыт""";0,12;Рубль;319595965;;http://www.e-disclosure.ru/portal/company.aspx?id=6223
Акция привилегированная;VGSBP;"Публичное акционерное общество ""Волгоградэнергосбыт""";0,12;Рубль;80499134;;http://www.e-disclosure.ru/portal/company.aspx?id=6223
Акция обыкновенная;VSYD;"Публичное акционерное общество ""Выборгский судостроительный завод""";0,5;Рубль;1075148;;http://www.disclosure.ru/issuer/4704012874/
Акция привилегированная;VSYDP;"Публичное акционерное общество ""Выборгский судостроительный завод""";0,5;Рубль;51839;;http://www.disclosure.ru/issuer/4704012874/
Акция обыкновенная;GAZA;"Публичное акционерное общество ""ГАЗ""";1;Рубль;18520260;;http://www.e-disclosure.ru/portal/company.aspx?id=859
Акция привилегированная;GAZAP;"Публичное акционерное общество ""ГАЗ""";1;Рубль;1453500;;http://www.e-disclosure.ru/portal/company.aspx?id=859
Акция обыкновенная;GTSS;"Публичное акционерное общество ""ГЕОТЕК Сейсморазведка""";0,01;Рубль;3,854E+11;;http://www.e-disclosure.ru/portal/company.aspx?id=20529
Акция обыкновенная;RTGZ;"Публичное акционерное общество ""Газпром газораспределение Ростов-на-Дону""";2000;Рубль;120246;;http://www.e-disclosure.ru/portal/company.aspx?id=2047
Акция обыкновенная;SIBN;"Публичное акционерное общество ""Газпром нефть""";0,0016;Рубль;4741299639;http://ir.gazprom-neft.ru/disclosure-information-according-to-russian-legislation/subsidiary-companies/;http://www.e-disclosure.ru/portal/company.aspx?id=347
Акция обыкновенная;GRNT;"Публичное акционерное общество ""Городские Инновационные Технологии""";1;Рубль;437000000;;http://e-disclosure.azipi.ru/organization/1745148/
Акция обыкновенная;GRAZ;"Публичное акционерное общество ""Группа ""РАЗГУЛЯЙ""";3;Рубль;190000000;;http://www.e-disclosure.ru/portal/company.aspx?id=397
Акция обыкновенная;RLMN;"Публичное акционерное общество ""Группа Компаний  ""Роллман""";100;Рубль;4700000;;http://www.e-disclosure.ru/portal/company.aspx?id=29610
Акция привилегированная;RLMNP;"Публичное акционерное общество ""Группа Компаний  ""Роллман""";100;Рубль;1560000;;http://www.e-disclosure.ru/portal/company.aspx?id=29610
Акция обыкновенная;DASB;"Публичное акционерное общество ""Дагестанская энергосбытовая компания""";0,003;Рубль;5269115472;http://www.dag-esk.ru/;http://e-disclosure.ru/portal/company.aspx?id=7321
Акция обыкновенная;DGBZ;"Публичное акционерное общество ""Дорогобуж""";0,25;Рубль;875439260;;http://www.e-disclosure.ru/portal/company.aspx?id=321
Акция обыкновенная;UTSY;"Публичное акционерное общество ""Единые Техно Системы""";1;Рубль;430000000;;http://www.e-disclosure.ru/portal/company.aspx?id=32499
Акция обыкновенная;ZVEZ;"Публичное акционерное общество ""ЗВЕЗДА""";0,1;Рубль;562020480;;http://disclosure.1prime.ru/portal/default.aspx?emId=7811038760
Акция обыкновенная;ZILL;"Публичное акционерное общество ""Завод имени И.А. Лихачева""";1000;Рубль;2659962;;http://www.e-disclosure.ru/portal/company.aspx?id=3649
Акция обыкновенная;ZMZN;"Публичное акционерное общество ""Заволжский моторный завод""";1;Рубль;112734490;;http://disclosure.1prime.ru/portal/default.aspx?emId=5248004137
Акция привилегированная;ZMZNP;"Публичное акционерное общество ""Заволжский моторный завод""";1;Рубль;37578123;;http://disclosure.1prime.ru/portal/default.aspx?emId=5248004137
Акция обыкновенная;IDJT;"Публичное акционерное общество ""ИДЖАТ""";100;Рубль;72907930;;http://www.e-disclosure.ru/portal/company.aspx?id=15960
Акция обыкновенная;IDVP;"Публичное акционерное общество ""ИНВЕСТ-ДЕВЕЛОПМЕНТ""";1000;Рубль;2110524;;http://disclosure.skrin.ru/disclosure/7714933728
Акция обыкновенная;ISKJ;"Публичное акционерное общество ""Институт Стволовых Клеток Человека""";0,1;Рубль;75000000;;http://www.e-disclosure.ru/portal/company.aspx?id=7814
Акция привилегированная;TGKDP;"Публичное акционерное общество ""Квадра - Генерирующая компания""";0,01;Рубль;75272938838;www.quadra.ru;http://www.e-disclosure.ru/portal/company.aspx?id=6196
Акция обыкновенная;KOGK;"Публичное акционерное общество ""Коршуновский горно-обогатительный комбинат""";1;Рубль;250126;;http://www.e-disclosure.ru/portal/company.aspx?id=3552
Акция обыкновенная;KMTZ;"Публичное акционерное общество ""Косогорский металлургический завод""";1;Рубль;28416095;;http://www.e-disclosure.ru/portal/company.aspx?id=6312
Акция обыкновенная;KTSB;"Публичное акционерное общество ""Костромская сбытовая компания""";0,04;Рубль;868998400;;http://www.e-disclosure.ru/portal/company.aspx?id=5963
Акция привилегированная;KTSBP;"Публичное акционерное общество ""Костромская сбытовая компания""";0,04;Рубль;136333440;;http://www.e-disclosure.ru/portal/company.aspx?id=5963
Акция обыкновенная;KRSG;"Публичное акционерное общество ""Красноярская ГЭС""";1;Рубль;391105645;;http://disclosure.skrin.ru/disclosure/2446000322
Акция обыкновенная;KRSB;"Публичное акционерное общество ""Красноярскэнергосбыт""";0,02;Рубль;596039612;;http://www.e-disclosure.ru/portal/company.aspx?id=8880
Акция привилегированная;KRSBP;"Публичное акционерное общество ""Красноярскэнергосбыт""";0,02;Рубль;168993328;;http://www.e-disclosure.ru/portal/company.aspx?id=8880
Акция привилегированная;KGKCP;"Публичное акционерное общество ""Курганская генерирующая компания""";7,2;Рубль;14393052;http://www.kgk-kurgan.ru/Aktsioneram_i_investoram/Raskryivaet_informatsii_na_stranitse_na_sayte_Interfaks_TSRKI/;http://www.e-disclosure.ru/portal/company.aspx?id=17935
Акция обыкновенная;MNFD;"Публичное акционерное общество ""МН-фонд""";1;Рубль;51000000;;http://www.e-disclosure.ru/portal/company.aspx?id=2392
Акция обыкновенная;ODVA;"Публичное акционерное общество ""Медиахолдинг""";0,001;Рубль;700000000;;http://www.e-disclosure.ru/portal/company.aspx?id=13312
Акция обыкновенная;MRKK;"Публичное акционерное общество ""Межрегиональная распределительная сетевая компания Северного Кавказа""";1;Рубль;154562275;;http://disclosure.skrin.ru/disclosure/2632082033
Акция обыкновенная;MRSB;"Публичное акционерное общество ""Мордовская энергосбытовая компания""";0,0136;Рубль;1345037710;;http://www.e-disclosure.ru/portal/company.aspx?id=5754
Акция обыкновенная;MORI;"Публичное акционерное общество ""Морион""";1;Рубль;164640000;;http://www.disclosure.ru/issuer/5905000038/
Акция обыкновенная;MGTS;"Публичное акционерное общество ""Московская городская телефонная сеть""";40;Рубль;79746311;;http://www.e-disclosure.ru/portal/company.aspx?id=1017
Акция привилегированная;MGTSP;"Публичное акционерное общество ""Московская городская телефонная сеть""";40;Рубль;15574492;;http://www.e-disclosure.ru/portal/company.aspx?id=1017
Акция обыкновенная;MUGS;"Публичное акционерное общество ""Мурманская ТЭЦ""";0,6;Рубль;357158757;;http://www.e-disclosure.ru/portal/company.aspx?id=8231
Акция привилегированная;MUGSP;"Публичное акционерное общество ""Мурманская ТЭЦ""";0,6;Рубль;118405759;;http://www.e-disclosure.ru/portal/company.aspx?id=8231
Акция обыкновенная;IRKT;"Публичное акционерное общество ""Научно-производственная корпорация ""Иркут""";3;Рубль;1166009086;http://www.irkut.com/investors-and-shareholders/;http://www.e-disclosure.ru/portal/company.aspx?id=7985
Акция обыкновенная;SATR;"Публичное акционерное общество ""Научно-производственное объединение ""Сатурн""";1;Рубль;36933657650;;http://www.e-disclosure.ru/portal/company.aspx?id=2348
Акция обыкновенная;NFAZ;"Публичное акционерное общество ""Нефтекамский автозавод""";1;Рубль;8038896;;http://www.e-disclosure.ru/portal/company.aspx?id=227
Акция обыкновенная;NKSH;"Публичное акционерное общество ""Нижнекамскшина""";1;Рубль;63731171;;http://www.e-disclosure.ru/portal/company.aspx?id=152
Акция обыкновенная;OMSH;"Публичное акционерное общество ""Омскшина""";1;Рубль;1010724;;http://www.e-disclosure.ru/portal/company.aspx?id=2573
Акция обыкновенная;PRTK;"Публичное акционерное общество ""ПРОТЕК""";0,01;Рубль;527142857;www.protek-group.ru;www.e-disclosure.ru/portal/company.aspx?id=13943
Акция обыкновенная;PAZA;"Публичное акционерное общество ""Павловский автобус""";415;Рубль;1567904;;http://www.e-disclosure.ru/portal/company.aspx?id=3638
Акция обыкновенная;MERF;"Публичное акционерное общество ""Первый инвестиционный фонд недвижимости МЕРИДИАН""";0,1;Рубль;523220826;;http://www.e-disclosure.ru/portal/company.aspx?id=13756
Акция обыкновенная;PMSB;"Публичное акционерное общество ""Пермская энергосбытовая компания""";3,25;Рубль;36210960;;http://www.e-disclosure.ru/portal/company.aspx?id=7344
Акция привилегированная;PMSBP;"Публичное акционерное общество ""Пермская энергосбытовая компания""";3,25;Рубль;11353500;;http://www.e-disclosure.ru/portal/company.aspx?id=7344
Акция обыкновенная;PLSM;"Публичное акционерное общество ""Плазмек""";0,001;Рубль;100000000;;http://www.e-disclosure.ru/portal/company.aspx?id=29198
Акция обыкновенная;UTII;"Публичное акционерное общество ""Платформа ЮТИНЕТ.РУ""";0,1;Рубль;22000000;;http://e-disclosure.azipi.ru/organization/1092260/
Акция обыкновенная;PRIM;"Публичное акционерное общество ""Приморское морское пароходство""";1;Рубль;796392000;;http://www.e-disclosure.ru/portal/company.aspx?id=1609
Акция привилегированная;VRAOP;"Публичное акционерное общество ""РАО Энергетические системы Востока""";0,5;Рубль;2075149384;http://www.rao-esv.ru/shareholders-and-investors/disclosure/;http://www.e-disclosure.ru/portal/company.aspx?id=13497
Акция обыкновенная;ROST;"Публичное акционерное общество ""РОСИНТЕР РЕСТОРАНТС ХОЛДИНГ""";169,7;Рубль;16305334;;http://www.e-disclosure.ru/portal/company.aspx?id=9038
Акция обыкновенная;RKKE;"Публичное акционерное общество ""Ракетно-космическая корпорация ""Энергия"" имени С.П. Королёва""";1000;Рубль;1123734;;http://www.e-disclosure.ru/portal/company.aspx?id=1615
Акция привилегированная;RODNP;"Публичное акционерное общество ""Родина""";1;Рубль;1000000;;http://www.e-disclosure.ru/portal/company.aspx?id=5024
Акция обыкновенная;RUGR;"Публичное акционерное общество ""Русгрэйн Холдинг""";1;Рубль;42984000;;http://disclosure.skrin.ru/disclosure/7706533405
Акция обыкновенная;ROLO;"Публичное акционерное общество ""Русолово""";1;Рубль;3000100000;;http://www.e-disclosure.ru/portal/company.aspx?id=31422
Акция обыкновенная;RUSP;"Публичное акционерное общество ""Русполимет""";0,03;Рубль;5012985740;;http://www.e-disclosure.ru/portal/company.aspx?id=7466
Акция обыкновенная;RZSB;"Публичное акционерное общество ""Рязанская энергетическая сбытовая компания""";0,05;Рубль;206940220;;http://www.e-disclosure.ru/portal/company.aspx?id=5422
Акция обыкновенная;KRKN;"Публичное акционерное общество ""Саратовский нефтеперерабатывающий завод""";1;Рубль;748012;;http://www.e-disclosure.ru/portal/company.aspx?id=3707
Акция привилегированная;KRKNP;"Публичное акционерное общество ""Саратовский нефтеперерабатывающий завод""";1;Рубль;249337;;http://www.e-disclosure.ru/portal/company.aspx?id=3707
Акция обыкновенная;SARE;"Публичное акционерное общество ""Саратовэнерго""";0,02;Рубль;4865127996;;http://www.e-disclosure.ru/portal/company.aspx?id=3346
Акция привилегированная;SAREP;"Публичное акционерное общество ""Саратовэнерго""";0,02113;Рубль;1493316000;;http://www.e-disclosure.ru/portal/company.aspx?id=3346
Акция обыкновенная;SZPR;"Публичное акционерное общество ""Северо-Западное пароходство""";12,5;Рубль;10514630;;http://www.e-disclosure.ru/portal/company.aspx?id=2090
Акция обыкновенная;STSB;"Публичное акционерное общество ""Ставропольэнергосбыт""";0,004833322;Рубль;859074636;;http://www.e-disclosure.ru/portal/company.aspx?id=7416
Акция привилегированная;STSBP;"Публичное акционерное общество ""Ставропольэнергосбыт""";0,004833322;Рубль;262100364;;http://www.e-disclosure.ru/portal/company.aspx?id=7416
Акция обыкновенная;VTGK;"Публичное акционерное общество ""Т Плюс""";1;Рубль;44462846593;http://www.tplusgroup.ru/ir/disclosure/;http://www.e-disclosure.ru/portal/company.aspx?id=9480
Акция обыкновенная;VRSB;"Публичное акционерное общество ""ТНС энерго Воронеж""";0,4;Рубль;56151024;;http://www.e-disclosure.ru/portal/company.aspx?id=4717
Акция привилегированная;VRSBP;"Публичное акционерное общество ""ТНС энерго Воронеж""";0,4;Рубль;18716678;;http://www.e-disclosure.ru/portal/company.aspx?id=4717
Акция обыкновенная;MISB;"Публичное акционерное общество ""ТНС энерго Марий Эл""";0,1;Рубль;121847780;;http://www.e-disclosure.ru/portal/company.aspx?id=6070
Акция привилегированная;MISBP;"Публичное акционерное общество ""ТНС энерго Марий Эл""";0,1;Рубль;10652220;;http://www.e-disclosure.ru/portal/company.aspx?id=6070
Акция обыкновенная;NNSB;"Публичное акционерное общество ""ТНС энерго Нижний Новгород""";11,88;Рубль;3919400;http://www.nsk.elektra.ru;http://www.e-disclosure.ru/portal/company.aspx?id=7022
Акция привилегированная;NNSBP;"Публичное акционерное общество ""ТНС энерго Нижний Новгород""";11,88;Рубль;1063512;http://www.nsk.elektra.ru;http://www.e-disclosure.ru/portal/company.aspx?id=7022
Акция обыкновенная;RTSB;"Публичное акционерное общество ""ТНС энерго Ростов-на-Дону""";0,02;Рубль;8128764676;;http://www.e-disclosure.ru/portal/company.aspx?id=6930
Акция привилегированная;RTSBP;"Публичное акционерное общество ""ТНС энерго Ростов-на-Дону""";0,02;Рубль;925737256;;http://www.e-disclosure.ru/portal/company.aspx?id=6930
Акция обыкновенная;YRSB;"Публичное акционерное общество ""ТНС энерго Ярославль""";1;Рубль;17143584;;http://www.e-disclosure.ru/portal/company.aspx?id=6050
Акция привилегированная;YRSBP;"Публичное акционерное общество ""ТНС энерго Ярославль""";1;Рубль;4507320;;http://www.e-disclosure.ru/portal/company.aspx?id=6050
Акция обыкновенная;TASB;"Публичное акционерное общество ""Тамбовская энергосбытовая компания""";0,02;Рубль;1525986880;;http://www.e-disclosure.ru/portal/company.aspx?id=5121
Акция привилегированная;TASBP;"Публичное акционерное общество ""Тамбовская энергосбытовая компания""";0,02;Рубль;217961420;;http://www.e-disclosure.ru/portal/company.aspx?id=5121
Акция обыкновенная;TANL;"Публичное акционерное общество ""Тантал""";0,125;Рубль;14003240;;http://disclosure.skrin.ru/disclosure/6453011530
Акция привилегированная;TANLP;"Публичное акционерное общество ""Тантал""";0,125;Рубль;667744;;http://disclosure.skrin.ru/disclosure/6453011530
Акция обыкновенная;TTLK;"Публичное акционерное общество ""Таттелеком""";0,1;Рубль;20843976400;;http://www.e-disclosure.ru/portal/company.aspx?id=814
Акция обыкновенная;TORS;"Публичное акционерное общество ""Томская распределительная компания""";0,4916;Рубль;3819315580;;http://www.e-disclosure.ru/portal/company.aspx?id=7242
Акция привилегированная;TORSP;"Публичное акционерное общество ""Томская распределительная компания""";0,4916;Рубль;576693000;;http://www.e-disclosure.ru/portal/company.aspx?id=7242
Акция обыкновенная;AESL;"Публичное акционерное общество ""Торгово-промышленная группа АЭССЕЛЬ""";1,5;Рубль;10000000;;http://www.e-disclosure.ru/portal/company.aspx?id=30518
Акция обыкновенная;TUCH;"Публичное акционерное общество ""Тучковский комбинат строительных материалов""";0,0025;Рубль;39860000;;http://disclosure.1prime.ru/portal/default.aspx?emId=5075002220
Акция обыкновенная;UKUZ;"Публичное акционерное общество ""Угольная компания ""Южный Кузбасс""";0,04;Рубль;36109217;;http://www.e-disclosure.ru/portal/company.aspx?id=1411
Акция обыкновенная;URFD;"Публичное акционерное общество ""Управляющая компания Объединенных резервных фондов""";1;Рубль;70000000;;http://www.e-disclosure.ru/portal/company.aspx?id=15776
Акция обыкновенная;LIFE;"Публичное акционерное общество ""Фармсинтез""";5;Рубль;151724392,1;;http://www.e-disclosure.ru/portal/company.aspx?id=4378
Акция обыкновенная;HIMC;"Публичное акционерное общество ""Химпром""";1;Рубль;688894206;;http://www.e-disclosure.ru/portal/company.aspx?id=5727
Акция привилегированная;HIMCP;"Публичное акционерное общество ""Химпром""";1;Рубль;229631402;;http://www.e-disclosure.ru/portal/company.aspx?id=5727
Акция обыкновенная;CNTL;"Публичное акционерное общество ""Центральный телеграф""";1;Рубль;166167000;;http://www.e-disclosure.ru/portal/company.aspx?id=369
Акция привилегированная;CNTLP;"Публичное акционерное общество ""Центральный телеграф""";1;Рубль;55389000;;http://www.e-disclosure.ru/portal/company.aspx?id=369
Акция обыкновенная;PRFN;"Публичное акционерное общество ""Челябинский завод профилированного стального настила""";0,1;Рубль;838287450;;http://www.e-disclosure.ru/portal/company.aspx?id=4744
Акция обыкновенная;CHKZ;"Публичное акционерное общество ""Челябинский кузнечно-прессовый завод""";200;Рубль;600216;;http://www.e-disclosure.ru/portal/company.aspx?id=3306
Акция обыкновенная;CHMK;"Публичное акционерное общество ""Челябинский металлургический комбинат""";1;Рубль;3161965;;http://www.e-disclosure.ru/portal/company.aspx?id=2116
Акция обыкновенная;CHEP;"Публичное акционерное общество ""Челябинский трубопрокатный завод""";1;Рубль;472382880;;http://www.e-disclosure.ru/portal/company.aspx?id=2772
Акция обыкновенная;CLSB;"Публичное акционерное общество ""Челябэнергосбыт""";0,007;Рубль;6894914573;;http://www.e-disclosure.ru/portal/company.aspx?id=6764
Акция привилегированная;CLSBP;"Публичное акционерное общество ""Челябэнергосбыт""";0,007;Рубль;859219416;;http://www.e-disclosure.ru/portal/company.aspx?id=6764
Акция обыкновенная;CHGZ;"Публичное акционерное общество ""Черногорнефть""";0,1;Рубль;26771420;;http://www.e-disclosure.ru/portal/company.aspx?id=3867
Акция обыкновенная;UNKL;"Публичное акционерное общество ""Южно-Уральский никелевый комбинат""";1;Рубль;599737;;http://www.e-disclosure.ru/portal/company.aspx?id=3987
Акция обыкновенная;YKEN;"Публичное акционерное общество ""Якутскэнерго""";1;Рубль;7963562986;http://yakutskenergo.ru/shareholders_and_investors/;http://e-disclosure.ru/portal/company.aspx?id=169
Акция привилегированная;YKENP;"Публичное акционерное общество ""Якутскэнерго""";1;Рубль;1332635125;http://yakutskenergo.ru/shareholders_and_investors/;http://e-disclosure.ru/portal/company.aspx?id=169
Акция привилегированная;VZRZP;"Публичное акционерное общество Банк ""Возрождение""";10;Рубль;1294505;http://www.vbank.ru/;http://www.e-disclosure.ru//portal/company.aspx?id=120
Акция обыкновенная;KUZB;"Публичное акционерное общество Банк ""Кузнецкий""";0,01;Рубль;22503490875;;http://www.e-disclosure.ru/portal/company.aspx?id=30898
Акция обыкновенная;DIOD;"Публичное акционерное общество Завод экологической техники и экопитания ""ДИОД""";0,01;Рубль;91500000;;http://www.e-disclosure.ru/portal/company.aspx?id=10180
Акция обыкновенная;MOBB;Публичное акционерное общество МОСКОВСКИЙ ОБЛАСТНОЙ БАНК;1;Рубль;4507984112;;http://www.e-disclosure.ru/portal/company.aspx?id=26831
Акция привилегированная;OMZZP;Публичное акционерное общество Объединенные машиностроительные заводы (Группа Уралмаш-Ижора);0,1;Рубль;2750000;;http://www.e-disclosure.ru/portal/company.aspx?id=249
Акция обыкновенная;ROSB;Публичное акционерное общество РОСБАНК;10;Рубль;1551401853;http://www.rosbank.ru/ru/about/disclosure/;http://www.e-disclosure.ru/portal/company.aspx?id=2427
Акция обыкновенная;MOTZ;"Публичное акционерное общество специального машиностроения и металлургии ""Мотовилихинские заводы""";1,5;Рубль;992106324;;http://www.e-disclosure.ru/portal/company.aspx?id=688
Акция обыкновенная;KCHE;"Публичное акционерное общество энергетики и электрификации ""Камчатскэнерго""";0,1;Рубль;41851554774;;http://www.e-disclosure.ru/portal/company.aspx?id=1409
Акция привилегированная;KCHEP;"Публичное акционерное общество энергетики и электрификации ""Камчатскэнерго""";0,1;Рубль;183062052;;http://www.e-disclosure.ru/portal/company.aspx?id=1409
Акция обыкновенная;MAGE;"Публичное акционерное общество энергетики и электрификации ""Магаданэнерго""";1;Рубль;463838268;;http://www.e-disclosure.ru/portal/company.aspx?id=3566
Акция привилегированная;MAGEP;"Публичное акционерное общество энергетики и электрификации ""Магаданэнерго""";1;Рубль;145673254;;http://www.e-disclosure.ru/portal/company.aspx?id=3566
Акция обыкновенная;SAGO;"Публичное акционерное общество энергетики и электрификации ""Самараэнерго""";0,25;Рубль;3538928532;;http://disclosure.1prime.ru/portal/default.aspx?emId=6315222985
Акция привилегированная;SAGOP;"Публичное акционерное общество энергетики и электрификации ""Самараэнерго""";0,01;Рубль;521993080;;http://disclosure.1prime.ru/portal/default.aspx?emId=6315222985
Акция обыкновенная;KUBE;Публичное акционерное общество энергетики и электрификации Кубани;100;Рубль;282868130;;http://www.e-disclosure.ru/portal/company.aspx?id=2827
Акция обыкновенная;PRMB;"акционерный коммерческий банк ""Приморье"" (публичное акционерное общество)";1000;Рубль;250000;;http://disclosure.1prime.ru/portal/default.aspx?emId=2536020789
Акция обыкновенная;KMEZ;"публичное акционерное общество ""Ковровский механический завод""";250;Рубль;2075600;;http://www.e-disclosure.ru/portal/company.aspx?id=8976
